index,datetime,rental quantity
2020-05-01,2020-05-01,2969
2020-05-02,2020-05-02,9028
2020-05-03,2020-05-03,3663
2020-05-04,2020-05-04,3718
2020-05-05,2020-05-05,2374
2020-05-06,2020-05-06,1385
2020-05-07,2020-05-07,3935
2020-05-08,2020-05-08,1818
2020-05-09,2020-05-09,2913
2020-05-10,2020-05-10,5827
2020-05-11,2020-05-11,2259
2020-05-12,2020-05-12,3028
2020-05-13,2020-05-13,4145
2020-05-14,2020-05-14,3610
2020-05-15,2020-05-15,5818
2020-05-16,2020-05-16,9019
2020-05-17,2020-05-17,5659
2020-05-18,2020-05-18,2941
2020-05-19,2020-05-19,3202
2020-05-20,2020-05-20,3417
2020-05-21,2020-05-21,3730
2020-05-22,2020-05-22,3058
2020-05-23,2020-05-23,9172
2020-05-24,2020-05-24,6339
2020-05-25,2020-05-25,8857
2020-05-26,2020-05-26,4927
2020-05-27,2020-05-27,4802
2020-05-28,2020-05-28,3471
2020-05-29,2020-05-29,5615
2020-05-30,2020-05-30,10739
2020-05-31,2020-05-31,7613
2020-06-01,2020-06-01,5013
2020-06-02,2020-06-02,5386
2020-06-03,2020-06-03,6515
2020-06-04,2020-06-04,5165
2020-06-05,2020-06-05,5044
2020-06-06,2020-06-06,15482
2020-06-07,2020-06-07,10635
2020-06-08,2020-06-08,7018
2020-06-09,2020-06-09,6756
2020-06-10,2020-06-10,5411
2020-06-11,2020-06-11,4700
2020-06-12,2020-06-12,7424
2020-06-13,2020-06-13,12100
2020-06-14,2020-06-14,10335
2020-06-15,2020-06-15,6042
2020-06-16,2020-06-16,6203
2020-06-17,2020-06-17,2911
2020-06-18,2020-06-18,5902
2020-06-19,2020-06-19,7259
2020-06-20,2020-06-20,6305
2020-06-21,2020-06-21,9037
2020-06-22,2020-06-22,4959
2020-06-23,2020-06-23,6190
2020-06-24,2020-06-24,7401
2020-06-25,2020-06-25,6074
2020-06-26,2020-06-26,8098
2020-06-27,2020-06-27,9058
2020-06-28,2020-06-28,8590
2020-06-29,2020-06-29,6368
2020-06-30,2020-06-30,6666
2020-07-01,2020-07-01,6388
2020-07-02,2020-07-02,7456
2020-07-03,2020-07-03,8492
2020-07-04,2020-07-04,11271
2020-07-05,2020-07-05,7002
2020-07-06,2020-07-06,4983
2020-07-07,2020-07-07,5765
2020-07-08,2020-07-08,6720
2020-07-09,2020-07-09,6695
2020-07-10,2020-07-10,7542
2020-07-11,2020-07-11,10172
2020-07-12,2020-07-12,8634
2020-07-13,2020-07-13,6657
2020-07-14,2020-07-14,7104
2020-07-15,2020-07-15,7192
2020-07-16,2020-07-16,7413
2020-07-17,2020-07-17,7881
2020-07-18,2020-07-18,9902
2020-07-19,2020-07-19,7922
2020-07-20,2020-07-20,5466
2020-07-21,2020-07-21,5901
2020-07-22,2020-07-22,4471
2020-07-23,2020-07-23,6487
2020-07-24,2020-07-24,7104
2020-07-25,2020-07-25,11069
2020-07-26,2020-07-26,8645
2020-07-27,2020-07-27,6858
2020-07-28,2020-07-28,7032
2020-07-29,2020-07-29,7548
2020-07-30,2020-07-30,6390
2020-07-31,2020-07-31,6185
2020-08-01,2020-08-01,10999
2020-08-02,2020-08-02,9420
2020-08-03,2020-08-03,4784
2020-08-04,2020-08-04,5730
2020-08-05,2020-08-05,8473
2020-08-06,2020-08-06,6078
2020-08-07,2020-08-07,8048
2020-08-08,2020-08-08,12020
2020-08-09,2020-08-09,9528
2020-08-10,2020-08-10,6722
2020-08-11,2020-08-11,7386
2020-08-12,2020-08-12,6159
2020-08-13,2020-08-13,5757
2020-08-14,2020-08-14,8221
2020-08-15,2020-08-15,9181
2020-08-16,2020-08-16,7136
2020-08-17,2020-08-17,6328
2020-08-18,2020-08-18,8185
2020-08-19,2020-08-19,7136
2020-08-20,2020-08-20,8336
2020-08-21,2020-08-21,8729
2020-08-22,2020-08-22,10862
2020-08-23,2020-08-23,10015
2020-08-24,2020-08-24,6694
2020-08-25,2020-08-25,6831
2020-08-26,2020-08-26,8414
2020-08-27,2020-08-27,8684
2020-08-28,2020-08-28,10632
2020-08-29,2020-08-29,8563
2020-08-30,2020-08-30,12479
2020-08-31,2020-08-31,4073
2020-09-01,2020-09-01,7225
2020-09-02,2020-09-02,7051
2020-09-03,2020-09-03,5572
2020-09-04,2020-09-04,8833
2020-09-05,2020-09-05,12904
2020-09-06,2020-09-06,12346
2020-09-07,2020-09-07,10589
2020-09-08,2020-09-08,7053
2020-09-09,2020-09-09,4834
2020-09-10,2020-09-10,4080
2020-09-11,2020-09-11,8582
2020-09-12,2020-09-12,10669
2020-09-13,2020-09-13,10929
2020-09-14,2020-09-14,7384
2020-09-15,2020-09-15,7571
2020-09-16,2020-09-16,7671
2020-09-17,2020-09-17,4965
2020-09-18,2020-09-18,9415
2020-09-19,2020-09-19,12753
2020-09-20,2020-09-20,10646
2020-09-21,2020-09-21,7085
2020-09-22,2020-09-22,7502
2020-09-23,2020-09-23,8783
2020-09-24,2020-09-24,8043
2020-09-25,2020-09-25,6638
2020-09-26,2020-09-26,10101
2020-09-27,2020-09-27,9802
2020-09-28,2020-09-28,7192
2020-09-29,2020-09-29,6140
2020-09-30,2020-09-30,7541
2020-10-01,2020-10-01,6869
2020-10-02,2020-10-02,8502
2020-10-03,2020-10-03,12111
2020-10-04,2020-10-04,9026
2020-10-05,2020-10-05,6654
2020-10-06,2020-10-06,7334
2020-10-07,2020-10-07,8128
2020-10-08,2020-10-08,7637
2020-10-09,2020-10-09,8982
2020-10-10,2020-10-10,11612
2020-10-11,2020-10-11,5151
2020-10-12,2020-10-12,3133
2020-10-13,2020-10-13,6795
2020-10-14,2020-10-14,7602
2020-10-15,2020-10-15,7910
2020-10-16,2020-10-16,5213
2020-10-17,2020-10-17,11104
2020-10-18,2020-10-18,9020
2020-10-19,2020-10-19,6648
2020-10-20,2020-10-20,7199
2020-10-21,2020-10-21,7072
2020-10-22,2020-10-22,7443
2020-10-23,2020-10-23,8719
2020-10-24,2020-10-24,11626
2020-10-25,2020-10-25,3012
2020-10-26,2020-10-26,5755
2020-10-27,2020-10-27,6465
2020-10-28,2020-10-28,7183
2020-10-29,2020-10-29,2194
2020-10-30,2020-10-30,6481
2020-10-31,2020-10-31,7252
2020-11-01,2020-11-01,3676
2020-11-02,2020-11-02,4470
2020-11-03,2020-11-03,6828
2020-11-04,2020-11-04,5543
2020-11-05,2020-11-05,6147
2020-11-06,2020-11-06,7765
2020-11-07,2020-11-07,14635
2020-11-08,2020-11-08,9918
2020-11-09,2020-11-09,6259
2020-11-10,2020-11-10,7113
2020-11-11,2020-11-11,2048
2020-11-12,2020-11-12,3515
2020-11-13,2020-11-13,7053
2020-11-14,2020-11-14,9531
2020-11-15,2020-11-15,5825
2020-11-16,2020-11-16,5324
2020-11-17,2020-11-17,4383
2020-11-18,2020-11-18,4148
2020-11-19,2020-11-19,4477
2020-11-20,2020-11-20,6014
2020-11-21,2020-11-21,7804
2020-11-22,2020-11-22,5771
2020-11-23,2020-11-23,3968
2020-11-24,2020-11-24,4391
2020-11-25,2020-11-25,4165
2020-11-26,2020-11-26,4191
2020-11-27,2020-11-27,5687
2020-11-28,2020-11-28,6899
2020-11-29,2020-11-29,5629
2020-11-30,2020-11-30,2258
2020-12-01,2020-12-01,3417
2020-12-02,2020-12-02,3600
2020-12-03,2020-12-03,4166
2020-12-04,2020-12-04,3549
2020-12-05,2020-12-05,4651
2020-12-06,2020-12-06,4183
2020-12-07,2020-12-07,3038
2020-12-08,2020-12-08,3298
2020-12-09,2020-12-09,3286
2020-12-10,2020-12-10,3942
2020-12-11,2020-12-11,5055
2020-12-12,2020-12-12,7409
2020-12-13,2020-12-13,6395
2020-12-14,2020-12-14,1649
2020-12-15,2020-12-15,4106
2020-12-16,2020-12-16,1208
2020-12-17,2020-12-17,2706
2020-12-18,2020-12-18,3209
2020-12-19,2020-12-19,3625
2020-12-20,2020-12-20,3328
2020-12-21,2020-12-21,3409
2020-12-22,2020-12-22,3288
2020-12-23,2020-12-23,3361
2020-12-24,2020-12-24,1248
2020-12-25,2020-12-25,1125
2020-12-26,2020-12-26,1844
2020-12-27,2020-12-27,2596
2020-12-28,2020-12-28,3559
2020-12-29,2020-12-29,3052
2020-12-30,2020-12-30,3228
2020-12-31,2020-12-31,3299
2021-01-01,2021-01-01,961
2021-01-02,2021-01-02,5718
2021-01-03,2021-01-03,1628
2021-01-04,2021-01-04,2981
2021-01-05,2021-01-05,3061
2021-01-06,2021-01-06,3112
2021-01-07,2021-01-07,3310
2021-01-08,2021-01-08,2987
2021-01-09,2021-01-09,4072
2021-01-10,2021-01-10,4001
2021-01-11,2021-01-11,2871
2021-01-12,2021-01-12,3644
2021-01-13,2021-01-13,3883
2021-01-14,2021-01-14,3797
2021-01-15,2021-01-15,3334
2021-01-16,2021-01-16,4691
2021-01-17,2021-01-17,3745
2021-01-18,2021-01-18,3441
2021-01-19,2021-01-19,3370
2021-01-20,2021-01-20,2622
2021-01-21,2021-01-21,3529
2021-01-22,2021-01-22,4036
2021-01-23,2021-01-23,3482
2021-01-24,2021-01-24,3309
2021-01-25,2021-01-25,2390
2021-01-26,2021-01-26,1997
2021-01-27,2021-01-27,3528
2021-01-28,2021-01-28,2667
2021-01-29,2021-01-29,2870
2021-01-30,2021-01-30,3998
2021-01-31,2021-01-31,1035
2021-02-01,2021-02-01,973
2021-02-02,2021-02-02,1451
2021-02-03,2021-02-03,2476
2021-02-04,2021-02-04,3174
2021-02-05,2021-02-05,4249
2021-02-06,2021-02-06,5412
2021-02-07,2021-02-07,2289
2021-02-08,2021-02-08,2892
2021-02-09,2021-02-09,3562
2021-02-10,2021-02-10,2362
2021-02-11,2021-02-11,2241
2021-02-12,2021-02-12,3029
2021-02-13,2021-02-13,885
2021-02-14,2021-02-14,2364
2021-02-15,2021-02-15,2720
2021-02-16,2021-02-16,2849
2021-02-17,2021-02-17,1949
2021-02-18,2021-02-18,744
2021-02-19,2021-02-19,2045
2021-02-20,2021-02-20,2645
2021-02-21,2021-02-21,2972
2021-02-22,2021-02-22,1548
2021-02-23,2021-02-23,3320
2021-02-24,2021-02-24,5182
2021-02-25,2021-02-25,4181
2021-02-26,2021-02-26,3773
2021-02-27,2021-02-27,5079
2021-02-28,2021-02-28,1139
2021-03-01,2021-03-01,2503
2021-03-02,2021-03-02,3473
2021-03-03,2021-03-03,4871
2021-03-04,2021-03-04,3816
2021-03-05,2021-03-05,3634
2021-03-06,2021-03-06,5192
2021-03-07,2021-03-07,4291
2021-03-08,2021-03-08,3763
2021-03-09,2021-03-09,5464
2021-03-10,2021-03-10,6264
2021-03-11,2021-03-11,7079
2021-03-12,2021-03-12,6415
2021-03-13,2021-03-13,8255
2021-03-14,2021-03-14,6932
2021-03-15,2021-03-15,3643
2021-03-16,2021-03-16,3459
2021-03-17,2021-03-17,4629
2021-03-18,2021-03-18,2003
2021-03-19,2021-03-19,4791
2021-03-20,2021-03-20,8254
2021-03-21,2021-03-21,8089
2021-03-22,2021-03-22,5448
2021-03-23,2021-03-23,5835
2021-03-24,2021-03-24,1987
2021-03-25,2021-03-25,5364
2021-03-26,2021-03-26,8567
2021-03-27,2021-03-27,13338
2021-03-28,2021-03-28,4099
2021-03-29,2021-03-29,6779
2021-03-30,2021-03-30,9551
2021-03-31,2021-03-31,3377
2021-04-01,2021-04-01,4494
2021-04-02,2021-04-02,5443
2021-04-03,2021-04-03,10949
2021-04-04,2021-04-04,11491
2021-04-05,2021-04-05,7668
2021-04-06,2021-04-06,7937
2021-04-07,2021-04-07,7897
2021-04-08,2021-04-08,7791
2021-04-09,2021-04-09,5831
2021-04-10,2021-04-10,11429
2021-04-11,2021-04-11,9656
2021-04-12,2021-04-12,5080
2021-04-13,2021-04-13,6426
2021-04-14,2021-04-14,3115
2021-04-15,2021-04-15,7011
2021-04-16,2021-04-16,6374
2021-04-17,2021-04-17,9426
2021-04-18,2021-04-18,8936
2021-04-19,2021-04-19,5532
2021-04-20,2021-04-20,7972
2021-04-21,2021-04-21,5072
2021-04-22,2021-04-22,4660
2021-04-23,2021-04-23,7412
2021-04-24,2021-04-24,7759
2021-04-25,2021-04-25,7045
2021-04-26,2021-04-26,6228
2021-04-27,2021-04-27,7863
2021-04-28,2021-04-28,7266
2021-04-29,2021-04-29,6648
2021-04-30,2021-04-30,6352
2021-05-01,2021-05-01,10539
2021-05-02,2021-05-02,9723
2021-05-03,2021-05-03,5504
2021-05-04,2021-05-04,5899
2021-05-05,2021-05-05,6509
2021-05-06,2021-05-06,7944
2021-05-07,2021-05-07,5629
2021-05-08,2021-05-08,8499
2021-05-09,2021-05-09,7266
2021-05-10,2021-05-10,7009
2021-05-11,2021-05-11,7650
2021-05-12,2021-05-12,7795
2021-05-13,2021-05-13,8594
2021-05-14,2021-05-14,9214
2021-05-15,2021-05-15,12976
2021-05-16,2021-05-16,8770
2021-05-17,2021-05-17,8054
2021-05-18,2021-05-18,8809
2021-05-19,2021-05-19,9004
2021-05-20,2021-05-20,8748
2021-05-21,2021-05-21,10379
2021-05-22,2021-05-22,12413
2021-05-23,2021-05-23,10071
2021-05-24,2021-05-24,4001
2021-05-25,2021-05-25,8690
2021-05-26,2021-05-26,7003
2021-05-27,2021-05-27,8815
2021-05-28,2021-05-28,6799
2021-05-29,2021-05-29,3577
2021-05-30,2021-05-30,7055
2021-05-31,2021-05-31,11239
2021-06-01,2021-06-01,7961
2021-06-02,2021-06-02,8441
2021-06-03,2021-06-03,7084
2021-06-04,2021-06-04,9454
2021-06-05,2021-06-05,11745
2021-06-06,2021-06-06,9062
2021-06-07,2021-06-07,7539
2021-06-08,2021-06-08,7968
2021-06-09,2021-06-09,8294
2021-06-10,2021-06-10,5451
2021-06-11,2021-06-11,4281
2021-06-12,2021-06-12,13059
2021-06-13,2021-06-13,10271
2021-06-14,2021-06-14,8334
2021-06-15,2021-06-15,9513
2021-06-16,2021-06-16,9930
2021-06-17,2021-06-17,10301
2021-06-18,2021-06-18,11778
2021-06-19,2021-06-19,12165
2021-06-20,2021-06-20,10199
2021-06-21,2021-06-21,7436
2021-06-22,2021-06-22,6586
2021-06-23,2021-06-23,10772
2021-06-24,2021-06-24,10646
2021-06-25,2021-06-25,10577
2021-06-26,2021-06-26,11917
2021-06-27,2021-06-27,9821
2021-06-28,2021-06-28,8214
2021-06-29,2021-06-29,8526
2021-06-30,2021-06-30,8055
2021-07-01,2021-07-01,7230
2021-07-02,2021-07-02,10087
2021-07-03,2021-07-03,13143
2021-07-04,2021-07-04,16883
2021-07-05,2021-07-05,11261
2021-07-06,2021-07-06,8769
2021-07-07,2021-07-07,8746
2021-07-08,2021-07-08,7088
2021-07-09,2021-07-09,8467
2021-07-10,2021-07-10,13479
2021-07-11,2021-07-11,10704
2021-07-12,2021-07-12,8658
2021-07-13,2021-07-13,9130
2021-07-14,2021-07-14,8955
2021-07-15,2021-07-15,9977
2021-07-16,2021-07-16,10389
2021-07-17,2021-07-17,11141
2021-07-18,2021-07-18,11414
2021-07-19,2021-07-19,9156
2021-07-20,2021-07-20,9540
2021-07-21,2021-07-21,9546
2021-07-22,2021-07-22,9914
2021-07-23,2021-07-23,10619
2021-07-24,2021-07-24,11617
2021-07-25,2021-07-25,9872
2021-07-26,2021-07-26,7631
2021-07-27,2021-07-27,8653
2021-07-28,2021-07-28,8979
2021-07-29,2021-07-29,8946
2021-07-30,2021-07-30,10080
2021-07-31,2021-07-31,12352
2021-08-01,2021-08-01,7177
2021-08-02,2021-08-02,9510
2021-08-03,2021-08-03,9849
2021-08-04,2021-08-04,9998
2021-08-05,2021-08-05,10164
2021-08-06,2021-08-06,10048
2021-08-07,2021-08-07,8132
2021-08-08,2021-08-08,10997
2021-08-09,2021-08-09,7820
2021-08-10,2021-08-10,6946
2021-08-11,2021-08-11,7334
2021-08-12,2021-08-12,8440
2021-08-13,2021-08-13,7060
2021-08-14,2021-08-14,10138
2021-08-15,2021-08-15,9509
2021-08-16,2021-08-16,5297
2021-08-17,2021-08-17,8062
2021-08-18,2021-08-18,8206
2021-08-19,2021-08-19,8565
2021-08-20,2021-08-20,7362
2021-08-21,2021-08-21,10342
2021-08-22,2021-08-22,9615
2021-08-23,2021-08-23,8526
2021-08-24,2021-08-24,8956
2021-08-25,2021-08-25,8585
2021-08-26,2021-08-26,8015
2021-08-27,2021-08-27,8467
2021-08-28,2021-08-28,11746
2021-08-29,2021-08-29,9589
2021-08-30,2021-08-30,8548
2021-08-31,2021-08-31,8991
2021-09-01,2021-09-01,5277
2021-09-02,2021-09-02,10969
2021-09-03,2021-09-03,11697
2021-09-04,2021-09-04,12647
2021-09-05,2021-09-05,10111
2021-09-06,2021-09-06,11273
2021-09-07,2021-09-07,9603
2021-09-08,2021-09-08,9934
2021-09-09,2021-09-09,9748
2021-09-10,2021-09-10,11667
2021-09-11,2021-09-11,13044
2021-09-12,2021-09-12,11267
2021-09-13,2021-09-13,9148
2021-09-14,2021-09-14,9877
2021-09-15,2021-09-15,10168
2021-09-16,2021-09-16,6432
2021-09-17,2021-09-17,10050
2021-09-18,2021-09-18,12586
2021-09-19,2021-09-19,11396
2021-09-20,2021-09-20,9843
2021-09-21,2021-09-21,10250
2021-09-22,2021-09-22,6132
2021-09-23,2021-09-23,8541
2021-09-24,2021-09-24,11898
2021-09-25,2021-09-25,13814
2021-09-26,2021-09-26,11579
2021-09-27,2021-09-27,9572
2021-09-28,2021-09-28,9602
2021-09-29,2021-09-29,10434
2021-09-30,2021-09-30,10638
2021-10-01,2021-10-01,11832
2021-10-02,2021-10-02,14521
2021-10-03,2021-10-03,12035
2021-10-04,2021-10-04,9126
2021-10-05,2021-10-05,9326
2021-10-06,2021-10-06,9162
2021-10-07,2021-10-07,10706
2021-10-08,2021-10-08,11189
2021-10-09,2021-10-09,13057
2021-10-10,2021-10-10,10475
2021-10-11,2021-10-11,9426
2021-10-12,2021-10-12,8845
2021-10-13,2021-10-13,10742
2021-10-14,2021-10-14,11465
2021-10-15,2021-10-15,12429
2021-10-16,2021-10-16,9758
2021-10-17,2021-10-17,10410
2021-10-18,2021-10-18,9269
2021-10-19,2021-10-19,10519
2021-10-20,2021-10-20,10744
2021-10-21,2021-10-21,11495
2021-10-22,2021-10-22,12183
2021-10-23,2021-10-23,12627
2021-10-24,2021-10-24,10824
2021-10-25,2021-10-25,7565
2021-10-26,2021-10-26,9316
2021-10-27,2021-10-27,11278
2021-10-28,2021-10-28,11171
2021-10-29,2021-10-29,3686
2021-10-30,2021-10-30,12154
2021-10-31,2021-10-31,10965
2021-11-01,2021-11-01,9378
2021-11-02,2021-11-02,6156
2021-11-03,2021-11-03,9031
2021-11-04,2021-11-04,9135
2021-11-05,2021-11-05,9660
2021-11-06,2021-11-06,11012
2021-11-07,2021-11-07,9714
2021-11-08,2021-11-08,9289
2021-11-09,2021-11-09,10540
2021-11-10,2021-11-10,11291
2021-11-11,2021-11-11,11547
2021-11-12,2021-11-12,10107
2021-11-13,2021-11-13,10258
2021-11-14,2021-11-14,7595
2021-11-15,2021-11-15,7019
2021-11-16,2021-11-16,8479
2021-11-17,2021-11-17,9505
2021-11-18,2021-11-18,9488
2021-11-19,2021-11-19,7828
2021-11-20,2021-11-20,8001
2021-11-21,2021-11-21,7071
2021-11-22,2021-11-22,6797
2021-11-23,2021-11-23,6056
2021-11-24,2021-11-24,5693
2021-11-25,2021-11-25,4263
2021-11-26,2021-11-26,3819
2021-11-27,2021-11-27,4677
2021-11-28,2021-11-28,6059
2021-11-29,2021-11-29,5746
2021-11-30,2021-11-30,6843
2021-12-01,2021-12-01,7787
2021-12-02,2021-12-02,8899
2021-12-03,2021-12-03,8507
2021-12-04,2021-12-04,10098
2021-12-05,2021-12-05,7060
2021-12-06,2021-12-06,7176
2021-12-07,2021-12-07,6562
2021-12-08,2021-12-08,6253
2021-12-09,2021-12-09,6609
2021-12-10,2021-12-10,8103
2021-12-11,2021-12-11,7880
2021-12-12,2021-12-12,6814
2021-12-13,2021-12-13,6310
2021-12-14,2021-12-14,7373
2021-12-15,2021-12-15,7125
2021-12-16,2021-12-16,8124
2021-12-17,2021-12-17,7789
2021-12-18,2021-12-18,6747
2021-12-19,2021-12-19,4770
2021-12-20,2021-12-20,4676
2021-12-21,2021-12-21,4271
2021-12-22,2021-12-22,4251
2021-12-23,2021-12-23,3660
2021-12-24,2021-12-24,3316
2021-12-25,2021-12-25,3184
2021-12-26,2021-12-26,4506
2021-12-27,2021-12-27,3122
2021-12-28,2021-12-28,4992
2021-12-29,2021-12-29,4471
2021-12-30,2021-12-30,4725
2021-12-31,2021-12-31,5687
2022-01-01,2022-01-01,3452
2022-01-02,2022-01-02,5419
2022-01-03,2022-01-03,497
2022-01-04,2022-01-04,1257
2022-01-05,2022-01-05,2265
2022-01-06,2022-01-06,3747
2022-01-07,2022-01-07,2235
2022-01-08,2022-01-08,3318
2022-01-09,2022-01-09,1764
2022-01-10,2022-01-10,3862
2022-01-11,2022-01-11,3337
2022-01-12,2022-01-12,4451
2022-01-13,2022-01-13,5002
2022-01-14,2022-01-14,5009
2022-01-15,2022-01-15,3500
2022-01-16,2022-01-16,1613
2022-01-17,2022-01-17,2583
2022-01-18,2022-01-18,4128
2022-01-19,2022-01-19,5173
2022-01-20,2022-01-20,3289
2022-01-21,2022-01-21,3659
2022-01-22,2022-01-22,4149
2022-01-23,2022-01-23,3968
2022-01-24,2022-01-24,4438
2022-01-25,2022-01-25,4976
2022-01-26,2022-01-26,4277
2022-01-27,2022-01-27,4601
2022-01-28,2022-01-28,3582
2022-01-29,2022-01-29,2721
2022-01-30,2022-01-30,3079
2022-01-31,2022-01-31,4268
2022-02-01,2022-02-01,5174
2022-02-02,2022-02-02,5807
2022-02-03,2022-02-03,3217
2022-02-04,2022-02-04,2541
2022-02-05,2022-02-05,4441
2022-02-06,2022-02-06,4206
2022-02-07,2022-02-07,4006
2022-02-08,2022-02-08,5501
2022-02-09,2022-02-09,6370
2022-02-10,2022-02-10,6736
2022-02-11,2022-02-11,7874
2022-02-12,2022-02-12,8660
2022-02-13,2022-02-13,2911
2022-02-14,2022-02-14,4083
2022-02-15,2022-02-15,5030
2022-02-16,2022-02-16,6183
2022-02-17,2022-02-17,7299
2022-02-18,2022-02-18,5460
2022-02-19,2022-02-19,5056
2022-02-20,2022-02-20,4855
2022-02-21,2022-02-21,7966
2022-02-22,2022-02-22,5139
2022-02-23,2022-02-23,8068
2022-02-24,2022-02-24,3430
2022-02-25,2022-02-25,5653
2022-02-26,2022-02-26,6306
2022-02-27,2022-02-27,6565
2022-02-28,2022-02-28,5780
2022-03-01,2022-03-01,6928
2022-03-02,2022-03-02,7888
2022-03-03,2022-03-03,7055
2022-03-04,2022-03-04,6717
2022-03-05,2022-03-05,9692
2022-03-06,2022-03-06,9340
2022-03-07,2022-03-07,6650
2022-03-08,2022-03-08,7598
2022-03-09,2022-03-09,3891
2022-03-10,2022-03-10,7577
2022-03-11,2022-03-11,9237
2022-03-12,2022-03-12,2119
2022-03-13,2022-03-13,4311
2022-03-14,2022-03-14,8007
2022-03-15,2022-03-15,10420
2022-03-16,2022-03-16,11055
2022-03-17,2022-03-17,5603
2022-03-18,2022-03-18,11445
2022-03-19,2022-03-19,14028
2022-03-20,2022-03-20,9001
2022-03-21,2022-03-21,11029
2022-03-22,2022-03-22,12742
2022-03-23,2022-03-23,5905
2022-03-24,2022-03-24,7731
2022-03-25,2022-03-25,12668
2022-03-26,2022-03-26,11523
2022-03-27,2022-03-27,5835
2022-03-28,2022-03-28,5005
2022-03-29,2022-03-29,6645
2022-03-30,2022-03-30,8616
2022-03-31,2022-03-31,7989
2022-04-01,2022-04-01,9067
2022-04-02,2022-04-02,13667
2022-04-03,2022-04-03,10300
2022-04-04,2022-04-04,8705
2022-04-05,2022-04-05,5308
2022-04-06,2022-04-06,8055
2022-04-07,2022-04-07,4486
2022-04-08,2022-04-08,10676
2022-04-09,2022-04-09,11553
2022-04-10,2022-04-10,8104
2022-04-11,2022-04-11,9464
2022-04-12,2022-04-12,11649
2022-04-13,2022-04-13,12449
2022-04-14,2022-04-14,10503
2022-04-15,2022-04-15,13327
2022-04-16,2022-04-16,14234
2022-04-17,2022-04-17,9886
2022-04-18,2022-04-18,3485
2022-04-19,2022-04-19,8181
2022-04-20,2022-04-20,10839
2022-04-21,2022-04-21,10751
2022-04-22,2022-04-22,12915
2022-04-23,2022-04-23,14902
2022-04-24,2022-04-24,13660
2022-04-25,2022-04-25,10340
2022-04-26,2022-04-26,8266
2022-04-27,2022-04-27,10251
2022-04-28,2022-04-28,9898
2022-04-29,2022-04-29,11501
2022-04-30,2022-04-30,14013
2022-05-01,2022-05-01,8387
2022-05-02,2022-05-02,11341
2022-05-03,2022-05-03,11809
2022-05-04,2022-05-04,10843
2022-05-05,2022-05-05,11243
2022-05-06,2022-05-06,4168
2022-05-07,2022-05-07,2839
2022-05-08,2022-05-08,7124
2022-05-09,2022-05-09,10297
2022-05-10,2022-05-10,11962
2022-05-11,2022-05-11,11900
2022-05-12,2022-05-12,11394
2022-05-13,2022-05-13,10394
2022-05-14,2022-05-14,12272
2022-05-15,2022-05-15,12153
2022-05-16,2022-05-16,8507
2022-05-17,2022-05-17,12728
2022-05-18,2022-05-18,12142
2022-05-19,2022-05-19,11966
2022-05-20,2022-05-20,12454
2022-05-21,2022-05-21,13028
2022-05-22,2022-05-22,9748
2022-05-23,2022-05-23,10569
2022-05-24,2022-05-24,8878
2022-05-25,2022-05-25,12048
2022-05-26,2022-05-26,11479
2022-05-27,2022-05-27,8350
2022-05-28,2022-05-28,14370
2022-05-29,2022-05-29,15100
2022-05-30,2022-05-30,12437
2022-05-31,2022-05-31,10891
2022-06-01,2022-06-01,11370
2022-06-02,2022-06-02,8502
2022-06-03,2022-06-03,13484
2022-06-04,2022-06-04,15907
2022-06-05,2022-06-05,13926
2022-06-06,2022-06-06,12408
2022-06-07,2022-06-07,9527
2022-06-08,2022-06-08,11682
2022-06-09,2022-06-09,13630
2022-06-10,2022-06-10,14761
2022-06-11,2022-06-11,13322
2022-06-12,2022-06-12,13190
2022-06-13,2022-06-13,11432
2022-06-14,2022-06-14,12794
2022-06-15,2022-06-15,13427
2022-06-16,2022-06-16,12793
2022-06-17,2022-06-17,13012
2022-06-18,2022-06-18,16757
2022-06-19,2022-06-19,15189
2022-06-20,2022-06-20,13791
2022-06-21,2022-06-21,12891
2022-06-22,2022-06-22,10140
2022-06-23,2022-06-23,10455
2022-06-24,2022-06-24,15249
2022-06-25,2022-06-25,15995
2022-06-26,2022-06-26,12576
2022-06-27,2022-06-27,11193
2022-06-28,2022-06-28,13905
2022-06-29,2022-06-29,13486
2022-06-30,2022-06-30,12862
2022-07-01,2022-07-01,12509
2022-07-02,2022-07-02,12543
2022-07-03,2022-07-03,14633
2022-07-04,2022-07-04,19531
2022-07-05,2022-07-05,11631
2022-07-06,2022-07-06,12202
2022-07-07,2022-07-07,12340
2022-07-08,2022-07-08,12954
2022-07-09,2022-07-09,7762
2022-07-10,2022-07-10,14354
2022-07-11,2022-07-11,12882
2022-07-12,2022-07-12,10206
2022-07-13,2022-07-13,14083
2022-07-14,2022-07-14,13799
2022-07-15,2022-07-15,13887
2022-07-16,2022-07-16,13718
2022-07-17,2022-07-17,13010
2022-07-18,2022-07-18,11248
2022-07-19,2022-07-19,13555
2022-07-20,2022-07-20,13528
2022-07-21,2022-07-21,11871
2022-07-22,2022-07-22,12627
2022-07-23,2022-07-23,12707
2022-07-24,2022-07-24,11028
2022-07-25,2022-07-25,9940
2022-07-26,2022-07-26,12163
2022-07-27,2022-07-27,13210
2022-07-28,2022-07-28,12465
2022-07-29,2022-07-29,11136
2022-07-30,2022-07-30,15432
2022-07-31,2022-07-31,10729
2022-08-01,2022-08-01,12345
2022-08-02,2022-08-02,12989
2022-08-03,2022-08-03,13122
2022-08-04,2022-08-04,9850
2022-08-05,2022-08-05,9438
2022-08-06,2022-08-06,14686
2022-08-07,2022-08-07,11900
2022-08-08,2022-08-08,10883
2022-08-09,2022-08-09,11636
2022-08-10,2022-08-10,7771
2022-08-11,2022-08-11,13044
2022-08-12,2022-08-12,13353
2022-08-13,2022-08-13,14860
2022-08-14,2022-08-14,11719
2022-08-15,2022-08-15,10858
2022-08-16,2022-08-16,13469
2022-08-17,2022-08-17,12822
2022-08-18,2022-08-18,13567
2022-08-19,2022-08-19,12739
2022-08-20,2022-08-20,14218
2022-08-21,2022-08-21,9837
2022-08-22,2022-08-22,10138
2022-08-23,2022-08-23,13136
2022-08-24,2022-08-24,12991
2022-08-25,2022-08-25,12407
2022-08-26,2022-08-26,12755
2022-08-27,2022-08-27,14369
2022-08-28,2022-08-28,12212
2022-08-29,2022-08-29,11270
2022-08-30,2022-08-30,10008
2022-08-31,2022-08-31,13265
2022-09-01,2022-09-01,12778
2022-09-02,2022-09-02,12636
2022-09-03,2022-09-03,13283
2022-09-04,2022-09-04,13281
2022-09-05,2022-09-05,10214
2022-09-06,2022-09-06,10091
2022-09-07,2022-09-07,10828
2022-09-08,2022-09-08,13656
2022-09-09,2022-09-09,14074
2022-09-10,2022-09-10,15651
2022-09-11,2022-09-11,8753
2022-09-12,2022-09-12,9759
2022-09-13,2022-09-13,14107
2022-09-14,2022-09-14,14615
2022-09-15,2022-09-15,14083
2022-09-16,2022-09-16,14369
2022-09-17,2022-09-17,16233
2022-09-18,2022-09-18,14062
2022-09-19,2022-09-19,12279
2022-09-20,2022-09-20,14199
2022-09-21,2022-09-21,14018
2022-09-22,2022-09-22,12460
2022-09-23,2022-09-23,13522
2022-09-24,2022-09-24,14781
2022-09-25,2022-09-25,11217
2022-09-26,2022-09-26,12532
2022-09-27,2022-09-27,13136
2022-09-28,2022-09-28,13479
2022-09-29,2022-09-29,13158
2022-09-30,2022-09-30,8831
2022-10-01,2022-10-01,6727
2022-10-02,2022-10-02,3731
2022-10-03,2022-10-03,5547
2022-10-04,2022-10-04,7532
2022-10-05,2022-10-05,9738
2022-10-06,2022-10-06,13335
2022-10-07,2022-10-07,13260
2022-10-08,2022-10-08,12245
2022-10-09,2022-10-09,11985
2022-10-10,2022-10-10,11277
2022-10-11,2022-10-11,11879
2022-10-12,2022-10-12,12728
2022-10-13,2022-10-13,7395
2022-10-14,2022-10-14,12870
2022-10-15,2022-10-15,14396
2022-10-16,2022-10-16,11991
2022-10-17,2022-10-17,10728
2022-10-18,2022-10-18,10348
2022-10-19,2022-10-19,10732
2022-10-20,2022-10-20,11497
2022-10-21,2022-10-21,11988
2022-10-22,2022-10-22,14369
2022-10-23,2022-10-23,9402
2022-10-24,2022-10-24,9950
2022-10-25,2022-10-25,11188
2022-10-26,2022-10-26,11607
2022-10-27,2022-10-27,12114
2022-10-28,2022-10-28,11193
2022-10-29,2022-10-29,12727
2022-10-30,2022-10-30,11584
2022-10-31,2022-10-31,7246
2022-11-01,2022-11-01,11224
2022-11-02,2022-11-02,11699
2022-11-03,2022-11-03,12254
2022-11-04,2022-11-04,12429
2022-11-05,2022-11-05,15233
2022-11-06,2022-11-06,10903
2022-11-07,2022-11-07,11543
2022-11-08,2022-11-08,11121
2022-11-09,2022-11-09,11001
2022-11-10,2022-11-10,11999
2022-11-11,2022-11-11,5828
2022-11-12,2022-11-12,14171
2022-11-13,2022-11-13,7534
2022-11-14,2022-11-14,8021
2022-11-15,2022-11-15,4779
2022-11-16,2022-11-16,8273
2022-11-17,2022-11-17,7844
2022-11-18,2022-11-18,7720
2022-11-19,2022-11-19,7542
2022-11-20,2022-11-20,4645
2022-11-21,2022-11-21,6522
2022-11-22,2022-11-22,7282
2022-11-23,2022-11-23,7345
2022-11-24,2022-11-24,4497
2022-11-25,2022-11-25,4959
2022-11-26,2022-11-26,7531
2022-11-27,2022-11-27,3166
2022-11-28,2022-11-28,7667
2022-11-29,2022-11-29,8656
2022-11-30,2022-11-30,6329
2022-12-01,2022-12-01,8131
2022-12-02,2022-12-02,8419
2022-12-03,2022-12-03,7994
2022-12-04,2022-12-04,7160
2022-12-05,2022-12-05,7173
2022-12-06,2022-12-06,5599
2022-12-07,2022-12-07,8075
2022-12-08,2022-12-08,9245
2022-12-09,2022-12-09,8544
2022-12-10,2022-12-10,7413
2022-12-11,2022-12-11,6657
2022-12-12,2022-12-12,6548
2022-12-13,2022-12-13,7366
2022-12-14,2022-12-14,7650
2022-12-15,2022-12-15,2102
2022-12-16,2022-12-16,7525
2022-12-17,2022-12-17,6866
2022-12-18,2022-12-18,4989
2022-12-19,2022-12-19,5178
2022-12-20,2022-12-20,5726
2022-12-21,2022-12-21,5468
2022-12-22,2022-12-22,1604
2022-12-23,2022-12-23,1715
2022-12-24,2022-12-24,1111
2022-12-25,2022-12-25,943
2022-12-26,2022-12-26,1849
2022-12-27,2022-12-27,3513
2022-12-28,2022-12-28,4585
2022-12-29,2022-12-29,5626
2022-12-30,2022-12-30,6821
2022-12-31,2022-12-31,3638
2023-01-01,2023-01-01,6787
2023-01-02,2023-01-02,7240
2023-01-03,2023-01-03,7559
2023-01-04,2023-01-04,7791
2023-01-05,2023-01-05,8409
2023-01-06,2023-01-06,6719
2023-01-07,2023-01-07,7122
2023-01-08,2023-01-08,5176
2023-01-09,2023-01-09,6520
2023-01-10,2023-01-10,7303
2023-01-11,2023-01-11,7155
2023-01-12,2023-01-12,6655
2023-01-13,2023-01-13,6490
2023-01-14,2023-01-14,4870
2023-01-15,2023-01-15,5308
2023-01-16,2023-01-16,6421
2023-01-17,2023-01-17,5917
2023-01-18,2023-01-18,8186
2023-01-19,2023-01-19,5856
2023-01-20,2023-01-20,7394
2023-01-21,2023-01-21,6961
2023-01-22,2023-01-22,4001
2023-01-23,2023-01-23,5722
2023-01-24,2023-01-24,7765
2023-01-25,2023-01-25,4426
2023-01-26,2023-01-26,7546
2023-01-27,2023-01-27,6814
2023-01-28,2023-01-28,8712
2023-01-29,2023-01-29,4770
2023-01-30,2023-01-30,7686
2023-01-31,2023-01-31,4796
2023-02-01,2023-02-01,6886
2023-02-02,2023-02-02,6789
2023-02-03,2023-02-03,4660
2023-02-04,2023-02-04,4015
2023-02-05,2023-02-05,6412
2023-02-06,2023-02-06,6711
2023-02-07,2023-02-07,7691
2023-02-08,2023-02-08,9594
2023-02-09,2023-02-09,9304
2023-02-10,2023-02-10,9209
2023-02-11,2023-02-11,8271
2023-02-12,2023-02-12,2369
2023-02-13,2023-02-13,7668
2023-02-14,2023-02-14,9218
2023-02-15,2023-02-15,9328
2023-02-16,2023-02-16,6939
2023-02-17,2023-02-17,5026
2023-02-18,2023-02-18,7006
2023-02-19,2023-02-19,8718
2023-02-20,2023-02-20,7650
2023-02-21,2023-02-21,8774
2023-02-22,2023-02-22,7900
2023-02-23,2023-02-23,11627
2023-02-24,2023-02-24,8268
2023-02-25,2023-02-25,5056
2023-02-26,2023-02-26,7928
2023-02-27,2023-02-27,5704
2023-02-28,2023-02-28,8870
2023-03-01,2023-03-01,9210
2023-03-02,2023-03-02,9196
2023-03-03,2023-03-03,4377
2023-03-04,2023-03-04,9264
2023-03-05,2023-03-05,10454
2023-03-06,2023-03-06,8653
2023-03-07,2023-03-07,8243
2023-03-08,2023-03-08,8706
2023-03-09,2023-03-09,9476
2023-03-10,2023-03-10,5056
2023-03-11,2023-03-11,7386
2023-03-12,2023-03-12,5110
2023-03-13,2023-03-13,6697
2023-03-14,2023-03-14,6356
2023-03-15,2023-03-15,7096
2023-03-16,2023-03-16,10384
2023-03-17,2023-03-17,9102
2023-03-18,2023-03-18,12008
2023-03-19,2023-03-19,5897
2023-03-20,2023-03-20,8562
2023-03-21,2023-03-21,11257
2023-03-22,2023-03-22,12795
2023-03-23,2023-03-23,14388
2023-03-24,2023-03-24,5294
2023-03-25,2023-03-25,7537
2023-03-26,2023-03-26,18670
2023-03-27,2023-03-27,10579
2023-03-28,2023-03-28,12302
2023-03-29,2023-03-29,12755
2023-03-30,2023-03-30,11684
2023-03-31,2023-03-31,11936
2023-04-01,2023-04-01,11380
2023-04-02,2023-04-02,12916
2023-04-03,2023-04-03,12734
2023-04-04,2023-04-04,15304
2023-04-05,2023-04-05,15113
2023-04-06,2023-04-06,12443
2023-04-07,2023-04-07,11380
2023-04-08,2023-04-08,12962
2023-04-09,2023-04-09,11910
2023-04-10,2023-04-10,12163
2023-04-11,2023-04-11,14327
2023-04-12,2023-04-12,15258
2023-04-13,2023-04-13,15611
2023-04-14,2023-04-14,14837
2023-04-15,2023-04-15,15285
2023-04-16,2023-04-16,14806
2023-04-17,2023-04-17,11583
2023-04-18,2023-04-18,13737
2023-04-19,2023-04-19,14238
2023-04-20,2023-04-20,14947
2023-04-21,2023-04-21,15423
2023-04-22,2023-04-22,10163
2023-04-23,2023-04-23,13691
2023-04-24,2023-04-24,12022
2023-04-25,2023-04-25,13474
2023-04-26,2023-04-26,13235
2023-04-27,2023-04-27,13979
2023-04-28,2023-04-28,2827
2023-04-29,2023-04-29,15665
2023-04-30,2023-04-30,5830
2023-05-01,2023-05-01,11688
2023-05-02,2023-05-02,10823
2023-05-03,2023-05-03,11520
2023-05-04,2023-05-04,13033
2023-05-05,2023-05-05,14387
2023-05-06,2023-05-06,16732
2023-05-07,2023-05-07,11951
2023-05-08,2023-05-08,12864
2023-05-09,2023-05-09,12529
2023-05-10,2023-05-10,15509
2023-05-11,2023-05-11,15435
2023-05-12,2023-05-12,15563
2023-05-13,2023-05-13,10401
2023-05-14,2023-05-14,15111
2023-05-15,2023-05-15,13546
2023-05-16,2023-05-16,13548
2023-05-17,2023-05-17,15178
2023-05-18,2023-05-18,14985
2023-05-19,2023-05-19,16163
2023-05-20,2023-05-20,15216
2023-05-21,2023-05-21,14971
2023-05-22,2023-05-22,13776
2023-05-23,2023-05-23,15092
2023-05-24,2023-05-24,15187
2023-05-25,2023-05-25,14786
2023-05-26,2023-05-26,15066
2023-05-27,2023-05-27,15929
2023-05-28,2023-05-28,13824
2023-05-29,2023-05-29,7793
2023-05-30,2023-05-30,13851
2023-05-31,2023-05-31,15495
2023-06-01,2023-06-01,15507
2023-06-02,2023-06-02,15131
2023-06-03,2023-06-03,16762
2023-06-04,2023-06-04,15054
2023-06-05,2023-06-05,13645
2023-06-06,2023-06-06,15289
2023-06-07,2023-06-07,14191
2023-06-08,2023-06-08,11576
2023-06-09,2023-06-09,14477
2023-06-10,2023-06-10,17668
2023-06-11,2023-06-11,15399
2023-06-12,2023-06-12,11411
2023-06-13,2023-06-13,15746
2023-06-14,2023-06-14,16141
2023-06-15,2023-06-15,16619
2023-06-16,2023-06-16,14709
2023-06-17,2023-06-17,16906
2023-06-18,2023-06-18,15187
2023-06-19,2023-06-19,14342
2023-06-20,2023-06-20,15496
2023-06-21,2023-06-21,6689
2023-06-22,2023-06-22,12271
2023-06-23,2023-06-23,9391
2023-06-24,2023-06-24,16813
2023-06-25,2023-06-25,15682
2023-06-26,2023-06-26,12975
2023-06-27,2023-06-27,12847
2023-06-28,2023-06-28,15841
2023-06-29,2023-06-29,13816
2023-06-30,2023-06-30,13089
2023-07-01,2023-07-01,13037
2023-07-02,2023-07-02,13428
2023-07-03,2023-07-03,14079
2023-07-04,2023-07-04,19930
2023-07-05,2023-07-05,13749
2023-07-06,2023-07-06,14441
2023-07-07,2023-07-07,14627
2023-07-08,2023-07-08,16191
2023-07-09,2023-07-09,13616
2023-07-10,2023-07-10,14678
2023-07-11,2023-07-11,15856
2023-07-12,2023-07-12,15524
2023-07-13,2023-07-13,15137
2023-07-14,2023-07-14,13340
2023-07-15,2023-07-15,16066
2023-07-16,2023-07-16,13091
2023-07-17,2023-07-17,14056
2023-07-18,2023-07-18,16033
2023-07-19,2023-07-19,15529
2023-07-20,2023-07-20,16619
2023-07-21,2023-07-21,16831
2023-07-22,2023-07-22,18366
2023-07-23,2023-07-23,15798
2023-07-24,2023-07-24,14351
2023-07-25,2023-07-25,14592
2023-07-26,2023-07-26,15929
2023-07-27,2023-07-27,14509
2023-07-28,2023-07-28,13107
2023-07-29,2023-07-29,13968
2023-07-30,2023-07-30,15482
2023-07-31,2023-07-31,14462
2023-08-01,2023-08-01,16303
2023-08-02,2023-08-02,16403
2023-08-03,2023-08-03,13306
2023-08-04,2023-08-04,15603
2023-08-05,2023-08-05,17245
2023-08-06,2023-08-06,12921
2023-08-07,2023-08-07,10255
2023-08-08,2023-08-08,16308
2023-08-09,2023-08-09,15340
2023-08-10,2023-08-10,13769
2023-08-11,2023-08-11,15956
2023-08-12,2023-08-12,16040
2023-08-13,2023-08-13,14187
2023-08-14,2023-08-14,11306
2023-08-15,2023-08-15,14000
2023-08-16,2023-08-16,16257
2023-08-17,2023-08-17,15737
2023-08-18,2023-08-18,15932
2023-08-19,2023-08-19,17782
2023-08-20,2023-08-20,14915
2023-08-21,2023-08-21,13912
2023-08-22,2023-08-22,16073
2023-08-23,2023-08-23,16409
2023-08-24,2023-08-24,15526
2023-08-25,2023-08-25,13802
2023-08-26,2023-08-26,16900
2023-08-27,2023-08-27,15530
2023-08-28,2023-08-28,13234
2023-08-29,2023-08-29,15266
2023-08-30,2023-08-30,16841
2023-08-31,2023-08-31,17074
2023-09-01,2023-09-01,16338
2023-09-02,2023-09-02,17090
2023-09-03,2023-09-03,15220
2023-09-04,2023-09-04,13205
2023-09-05,2023-09-05,14463
2023-09-06,2023-09-06,15557
2023-09-07,2023-09-07,15709
2023-09-08,2023-09-08,15442
2023-09-09,2023-09-09,13143
2023-09-10,2023-09-10,13200
2023-09-11,2023-09-11,14611
2023-09-12,2023-09-12,16129
2023-09-13,2023-09-13,17369
2023-09-14,2023-09-14,17549
2023-09-15,2023-09-15,16915
2023-09-16,2023-09-16,18602
2023-09-17,2023-09-17,12008
2023-09-18,2023-09-18,14563
2023-09-19,2023-09-19,16160
2023-09-20,2023-09-20,16362
2023-09-21,2023-09-21,16663
2023-09-22,2023-09-22,16070
2023-09-23,2023-09-23,3967
2023-09-24,2023-09-24,9185
2023-09-25,2023-09-25,12624
2023-09-26,2023-09-26,12562
2023-09-27,2023-09-27,17129
2023-09-28,2023-09-28,16917
2023-09-29,2023-09-29,16630
2023-09-30,2023-09-30,18708
2023-10-01,2023-10-01,17577
2023-10-02,2023-10-02,15682
2023-10-03,2023-10-03,17018
2023-10-04,2023-10-04,17262
2023-10-05,2023-10-05,16808
2023-10-06,2023-10-06,16410
2023-10-07,2023-10-07,14529
2023-10-08,2023-10-08,14033
2023-10-09,2023-10-09,12891
2023-10-10,2023-10-10,15710
2023-10-11,2023-10-11,16702
2023-10-12,2023-10-12,17337
2023-10-13,2023-10-13,17545
2023-10-14,2023-10-14,8130
2023-10-15,2023-10-15,13754
2023-10-16,2023-10-16,13882
2023-10-17,2023-10-17,15644
2023-10-18,2023-10-18,16413
2023-10-19,2023-10-19,17155
2023-10-20,2023-10-20,13498
2023-10-21,2023-10-21,17349
2023-10-22,2023-10-22,14592
2023-10-23,2023-10-23,14365
2023-10-24,2023-10-24,16983
2023-10-25,2023-10-25,17983
2023-10-26,2023-10-26,18024
2023-10-27,2023-10-27,18583
2023-10-28,2023-10-28,20174
2023-10-29,2023-10-29,17164
2023-10-30,2023-10-30,13185
2023-10-31,2023-10-31,14702
2023-11-01,2023-11-01,12712
2023-11-02,2023-11-02,13324
2023-11-03,2023-11-03,14235
2023-11-04,2023-11-04,18320
2023-11-05,2023-11-05,15447
2023-11-06,2023-11-06,13844
2023-11-07,2023-11-07,15738
2023-11-08,2023-11-08,15348
2023-11-09,2023-11-09,14949
2023-11-10,2023-11-10,8490
2023-11-11,2023-11-11,15014
2023-11-12,2023-11-12,11353
2023-11-13,2023-11-13,12633
2023-11-14,2023-11-14,14563
2023-11-15,2023-11-15,14484
2023-11-16,2023-11-16,15123
2023-11-17,2023-11-17,14820
2023-11-18,2023-11-18,13922
2023-11-19,2023-11-19,11955
2023-11-20,2023-11-20,10828
2023-11-21,2023-11-21,3686
2023-11-22,2023-11-22,9470
2023-11-23,2023-11-23,6135
2023-11-24,2023-11-24,7621
2023-11-25,2023-11-25,7459
2023-11-26,2023-11-26,5282
2023-11-27,2023-11-27,9697
2023-11-28,2023-11-28,9513
2023-11-29,2023-11-29,10081
2023-11-30,2023-11-30,12555
2023-12-01,2023-12-01,8831
2023-12-02,2023-12-02,13250
2023-12-03,2023-12-03,8819
2023-12-04,2023-12-04,11624
2023-12-05,2023-12-05,12216
2023-12-06,2023-12-06,11426
2023-12-07,2023-12-07,11227
2023-12-08,2023-12-08,12472
2023-12-09,2023-12-09,13512
2023-12-10,2023-12-10,4556
2023-12-11,2023-12-11,9458
2023-12-12,2023-12-12,11089
2023-12-13,2023-12-13,11382
2023-12-14,2023-12-14,10791
2023-12-15,2023-12-15,11783
2023-12-16,2023-12-16,12272
2023-12-17,2023-12-17,6020
2023-12-18,2023-12-18,9084
2023-12-19,2023-12-19,9009
2023-12-20,2023-12-20,9296
2023-12-21,2023-12-21,8523
2023-12-22,2023-12-22,7590
2023-12-23,2023-12-23,6251
2023-12-24,2023-12-24,4451
2023-12-25,2023-12-25,4335
2023-12-26,2023-12-26,3697
2023-12-27,2023-12-27,2580
2023-12-28,2023-12-28,7918
2023-12-29,2023-12-29,8659
2023-12-30,2023-12-30,7594
2023-12-31,2023-12-31,7327
2024-01-01,2024-01-01,4902
2024-01-02,2024-01-02,7808
2024-01-03,2024-01-03,9153
2024-01-04,2024-01-04,8482
2024-01-05,2024-01-05,8420
2024-01-06,2024-01-06,3105
2024-01-07,2024-01-07,8257
2024-01-08,2024-01-08,9919
2024-01-09,2024-01-09,3309
2024-01-10,2024-01-10,10564
2024-01-11,2024-01-11,11124
2024-01-12,2024-01-12,9557
2024-01-13,2024-01-13,9516
2024-01-14,2024-01-14,6773
2024-01-15,2024-01-15,3037
2024-01-16,2024-01-16,2786
2024-01-17,2024-01-17,5092
2024-01-18,2024-01-18,6941
2024-01-19,2024-01-19,2578
2024-01-20,2024-01-20,3798
2024-01-21,2024-01-21,4171
2024-01-22,2024-01-22,6693
2024-01-23,2024-01-23,9058
2024-01-24,2024-01-24,10485
2024-01-25,2024-01-25,9623
2024-01-26,2024-01-26,13997
2024-01-27,2024-01-27,12558
2024-01-28,2024-01-28,6428
2024-01-29,2024-01-29,9630
2024-01-30,2024-01-30,10493
2024-01-31,2024-01-31,10577
2024-02-01,2024-02-01,11826
2024-02-02,2024-02-02,10952
2024-02-03,2024-02-03,11890
2024-02-04,2024-02-04,10584
2024-02-05,2024-02-05,10497
2024-02-06,2024-02-06,11107
2024-02-07,2024-02-07,12183
2024-02-08,2024-02-08,12488
2024-02-09,2024-02-09,13553
2024-02-10,2024-02-10,14156
2024-02-11,2024-02-11,8499
2024-02-12,2024-02-12,8727
2024-02-13,2024-02-13,9489
2024-02-14,2024-02-14,11819
2024-02-15,2024-02-15,11665
2024-02-16,2024-02-16,11085
2024-02-17,2024-02-17,7742
2024-02-18,2024-02-18,8903
2024-02-19,2024-02-19,9293
2024-02-20,2024-02-20,10977
2024-02-21,2024-02-21,11879
2024-02-22,2024-02-22,11080
2024-02-23,2024-02-23,11058
2024-02-24,2024-02-24,11764
2024-02-25,2024-02-25,10205
2024-02-26,2024-02-26,12707
2024-02-27,2024-02-27,12059
2024-02-28,2024-02-28,8681
2024-02-29,2024-02-29,11820
2024-03-01,2024-03-01,11926
2024-03-02,2024-03-02,8885
2024-03-03,2024-03-03,14620
2024-03-04,2024-03-04,12744
2024-03-05,2024-03-05,11124
2024-03-06,2024-03-06,9809
2024-03-07,2024-03-07,14606
2024-03-08,2024-03-08,14697
2024-03-09,2024-03-09,4864
2024-03-10,2024-03-10,8977
2024-03-11,2024-03-11,10704
2024-03-12,2024-03-12,16777
2024-03-13,2024-03-13,17852
2024-03-14,2024-03-14,18751
2024-03-15,2024-03-15,15676
2024-03-16,2024-03-16,22075
2024-03-17,2024-03-17,17594
2024-03-18,2024-03-18,13093
2024-03-19,2024-03-19,14196
2024-03-20,2024-03-20,16692
2024-03-21,2024-03-21,14633
2024-03-22,2024-03-22,15150
2024-03-23,2024-03-23,8931
2024-03-24,2024-03-24,15422
2024-03-25,2024-03-25,14891
2024-03-26,2024-03-26,16367
2024-03-27,2024-03-27,9288
2024-03-28,2024-03-28,13663
2024-03-29,2024-03-29,17975
2024-03-30,2024-03-30,18834
2024-03-31,2024-03-31,16130
2024-04-01,2024-04-01,11684
2024-04-02,2024-04-02,10636
2024-04-03,2024-04-03,7342
2024-04-04,2024-04-04,14875
2024-04-05,2024-04-05,14438
2024-04-06,2024-04-06,15217
2024-04-07,2024-04-07,16960
2024-04-08,2024-04-08,15618
2024-04-09,2024-04-09,16907
2024-04-10,2024-04-10,18228
2024-04-11,2024-04-11,15272
2024-04-12,2024-04-12,16044
2024-04-13,2024-04-13,18385
2024-04-14,2024-04-14,18983
2024-04-15,2024-04-15,16109
2024-04-16,2024-04-16,18335
2024-04-17,2024-04-17,18122
2024-04-18,2024-04-18,19145
2024-04-19,2024-04-19,15647
2024-04-20,2024-04-20,21862
2024-04-21,2024-04-21,13409
2024-04-22,2024-04-22,15323
2024-04-23,2024-04-23,17757
2024-04-24,2024-04-24,18426
2024-04-25,2024-04-25,17320
2024-04-26,2024-04-26,18000
2024-04-27,2024-04-27,13860
2024-04-28,2024-04-28,20461
2024-04-29,2024-04-29,17149
2024-04-30,2024-04-30,18751
2024-05-01,2024-05-01,19720
2024-05-02,2024-05-02,19595
2024-05-03,2024-05-03,19787
2024-05-04,2024-05-04,9590
2024-05-05,2024-05-05,11073
2024-05-06,2024-05-06,15684
2024-05-07,2024-05-07,18410
2024-05-08,2024-05-08,20057
2024-05-09,2024-05-09,17395
2024-05-10,2024-05-10,10931
2024-05-11,2024-05-11,17362
2024-05-12,2024-05-12,14430
2024-05-13,2024-05-13,17749
2024-05-14,2024-05-14,12182
2024-05-15,2024-05-15,14293
2024-05-16,2024-05-16,19909
2024-05-17,2024-05-17,18024
2024-05-18,2024-05-18,8931
2024-05-19,2024-05-19,17989
2024-05-20,2024-05-20,17779
2024-05-21,2024-05-21,19442
2024-05-22,2024-05-22,18733
2024-05-23,2024-05-23,17250
2024-05-24,2024-05-24,18376
2024-05-25,2024-05-25,17420
2024-05-26,2024-05-26,17809
2024-05-27,2024-05-27,13796
2024-05-28,2024-05-28,17564
2024-05-29,2024-05-29,14971
2024-05-30,2024-05-30,19232
2024-05-31,2024-05-31,20052
2024-06-01,2024-06-01,21525
2024-06-02,2024-06-02,18418
2024-06-03,2024-06-03,17857
2024-06-04,2024-06-04,19797
2024-06-05,2024-06-05,16203
2024-06-06,2024-06-06,19840
2024-06-07,2024-06-07,22005
2024-06-08,2024-06-08,24193
2024-06-09,2024-06-09,20079
2024-06-10,2024-06-10,17818
2024-06-11,2024-06-11,20405
2024-06-12,2024-06-12,21128
2024-06-13,2024-06-13,20324
2024-06-14,2024-06-14,19665
2024-06-15,2024-06-15,21245
2024-06-16,2024-06-16,18533
2024-06-17,2024-06-17,16805
2024-06-18,2024-06-18,19977
2024-06-19,2024-06-19,19955
2024-06-20,2024-06-20,19365
2024-06-21,2024-06-21,19230
2024-06-22,2024-06-22,19020
2024-06-23,2024-06-23,16478
2024-06-24,2024-06-24,17939
2024-06-25,2024-06-25,19854
2024-06-26,2024-06-26,18740
2024-06-27,2024-06-27,20298
2024-06-28,2024-06-28,20421
2024-06-29,2024-06-29,20567
2024-06-30,2024-06-30,16673
2024-07-01,2024-07-01,19100
2024-07-02,2024-07-02,20189
2024-07-03,2024-07-03,20961
2024-07-04,2024-07-04,20561
2024-07-05,2024-07-05,18103
2024-07-06,2024-07-06,17210
2024-07-07,2024-07-07,16138
2024-07-08,2024-07-08,17304
2024-07-09,2024-07-09,18811
2024-07-10,2024-07-10,18370
2024-07-11,2024-07-11,20753
2024-07-12,2024-07-12,16006
2024-07-13,2024-07-13,20074
2024-07-14,2024-07-14,17817
2024-07-15,2024-07-15,16610
2024-07-16,2024-07-16,18266
2024-07-17,2024-07-17,15802
2024-07-18,2024-07-18,20651
2024-07-19,2024-07-19,21331
2024-07-20,2024-07-20,19051
2024-07-21,2024-07-21,19392
2024-07-22,2024-07-22,14580
2024-07-23,2024-07-23,19799
2024-07-24,2024-07-24,19804
2024-07-25,2024-07-25,20508
2024-07-26,2024-07-26,21642
2024-07-27,2024-07-27,23273
2024-07-28,2024-07-28,20179
2024-07-29,2024-07-29,17964
2024-07-30,2024-07-30,20243
2024-07-31,2024-07-31,18951
2024-08-01,2024-08-01,20121
2024-08-02,2024-08-02,19826
2024-08-03,2024-08-03,17709
2024-08-04,2024-08-04,18723
2024-08-05,2024-08-05,18606
2024-08-06,2024-08-06,20016
2024-08-07,2024-08-07,20055
2024-08-08,2024-08-08,12101
2024-08-09,2024-08-09,13217
2024-08-10,2024-08-10,21626
2024-08-11,2024-08-11,19904
2024-08-12,2024-08-12,19722
2024-08-13,2024-08-13,21147
2024-08-14,2024-08-14,21741
2024-08-15,2024-08-15,21611
2024-08-16,2024-08-16,21546
2024-08-17,2024-08-17,20247
2024-08-18,2024-08-18,18675
2024-08-19,2024-08-19,18407
2024-08-20,2024-08-20,21162
2024-08-21,2024-08-21,21719
2024-08-22,2024-08-22,21848
2024-08-23,2024-08-23,22360
2024-08-24,2024-08-24,24040
2024-08-25,2024-08-25,21232
2024-08-26,2024-08-26,19885
2024-08-27,2024-08-27,21795
2024-08-28,2024-08-28,20796
2024-08-29,2024-08-29,16217
2024-08-30,2024-08-30,17877
2024-08-31,2024-08-31,20633
